Reference	Position	Unique	Mod
18s_rRNA	28	18s_rRNA_28	Am
18s_rRNA	100	18s_rRNA_100	Am
18s_rRNA	106	18s_rRNA_106	Y
18s_rRNA	120	18s_rRNA_120	Y
18s_rRNA	211	18s_rRNA_211	Y
18s_rRNA	302	18s_rRNA_302	Y
18s_rRNA	414	18s_rRNA_414	Cm
18s_rRNA	420	18s_rRNA_420	Am
18s_rRNA	436	18s_rRNA_436	Am
18s_rRNA	466	18s_rRNA_466	Y
18s_rRNA	541	18s_rRNA_541	Am
18s_rRNA	562	18s_rRNA_562	Gm
18s_rRNA	578	18s_rRNA_578	Um
18s_rRNA	619	18s_rRNA_619	Am
18s_rRNA	632	18s_rRNA_632	Y
18s_rRNA	759	18s_rRNA_759	Y
18s_rRNA	766	18s_rRNA_766	Y
18s_rRNA	796	18s_rRNA_796	Am
18s_rRNA	974	18s_rRNA_974	Am
18s_rRNA	999	18s_rRNA_999	Y
18s_rRNA	1007	18s_rRNA_1007	Cm
18s_rRNA	1126	18s_rRNA_1126	Gm
18s_rRNA	1181	18s_rRNA_1181	Y
18s_rRNA	1187	18s_rRNA_1187	Y
18s_rRNA	1191	18s_rRNA_1191	m1acp3Y
18s_rRNA	1269	18s_rRNA_1269	Um
18s_rRNA	1271	18s_rRNA_1271	Gm
18s_rRNA	1280	18s_rRNA_1280	ac4C
18s_rRNA	1290	18s_rRNA_1290	Y
18s_rRNA	1415	18s_rRNA_1415	Y
18s_rRNA	1428	18s_rRNA_1428	Gm
18s_rRNA	1572	18s_rRNA_1572	Gm
18s_rRNA	1575	18s_rRNA_1575	m7G
18s_rRNA	1639	18s_rRNA_1639	Cm
18s_rRNA	1773	18s_rRNA_1773	ac4C
18s_rRNA	1781	18s_rRNA_1781	m26A
18s_rRNA	1782	18s_rRNA_1782	m26A
25s_rRNA	645	25s_rRNA_645	m1A
25s_rRNA	649	25s_rRNA_649	Am
25s_rRNA	650	25s_rRNA_650	Cm
25s_rRNA	663	25s_rRNA_663	Cm
25s_rRNA	776	25s_rRNA_776	Y
25s_rRNA	805	25s_rRNA_805	Gm
25s_rRNA	807	25s_rRNA_807	Am
25s_rRNA	817	25s_rRNA_817	Am
25s_rRNA	867	25s_rRNA_867	Gm
25s_rRNA	876	25s_rRNA_876	Am
25s_rRNA	898	25s_rRNA_898	Um
25s_rRNA	908	25s_rRNA_908	Gm
25s_rRNA	956	25s_rRNA_956	m5U
25s_rRNA	960	25s_rRNA_960	Y
25s_rRNA	966	25s_rRNA_966	Y
25s_rRNA	986	25s_rRNA_986	Y
25s_rRNA	990	25s_rRNA_990	Y
25s_rRNA	1004	25s_rRNA_1004	Y
25s_rRNA	1042	25s_rRNA_1042	Y
25s_rRNA	1052	25s_rRNA_1052	Y
25s_rRNA	1056	25s_rRNA_1056	Y
25s_rRNA	1110	25s_rRNA_1110	Y
25s_rRNA	1124	25s_rRNA_1124	Y
25s_rRNA	1133	25s_rRNA_1133	Am
25s_rRNA	1437	25s_rRNA_1437	Cm
25s_rRNA	1449	25s_rRNA_1449	Am
25s_rRNA	1450	25s_rRNA_1450	Gm
25s_rRNA	1888	25s_rRNA_1888	Um
25s_rRNA	2129	25s_rRNA_2129	Y
25s_rRNA	2133	25s_rRNA_2133	Y
25s_rRNA	2142	25s_rRNA_2142	m1A
25s_rRNA	2191	25s_rRNA_2191	Y
25s_rRNA	2197	25s_rRNA_2197	Cm
25s_rRNA	2220	25s_rRNA_2220	Am
25s_rRNA	2256	25s_rRNA_2256	Am
25s_rRNA	2258	25s_rRNA_2258	Y
25s_rRNA	2260	25s_rRNA_2260	Y
25s_rRNA	2264	25s_rRNA_2264	Y
25s_rRNA	2266	25s_rRNA_2266	Y
25s_rRNA	2278	25s_rRNA_2278	m5C
25s_rRNA	2280	25s_rRNA_2280	Am
25s_rRNA	2281	25s_rRNA_2281	Am
25s_rRNA	2288	25s_rRNA_2288	Gm
25s_rRNA	2314	25s_rRNA_2314	Y
25s_rRNA	2337	25s_rRNA_2337	Cm
25s_rRNA	2340	25s_rRNA_2340	Y
25s_rRNA	2347	25s_rRNA_2347	Y
25s_rRNA	2349	25s_rRNA_2349	Y
25s_rRNA	2351	25s_rRNA_2351	Y
25s_rRNA	2416	25s_rRNA_2416	Y
25s_rRNA	2417	25s_rRNA_2417	Um
25s_rRNA	2421	25s_rRNA_2421	Um
25s_rRNA	2619	25s_rRNA_2619	Gm
25s_rRNA	2634	25s_rRNA_2634	m3U
25s_rRNA	2640	25s_rRNA_2640	Am
25s_rRNA	2724	25s_rRNA_2724	Um
25s_rRNA	2729	25s_rRNA_2729	Um
25s_rRNA	2735	25s_rRNA_2735	Y
25s_rRNA	2791	25s_rRNA_2791	Gm
25s_rRNA	2793	25s_rRNA_2793	Gm
25s_rRNA	2815	25s_rRNA_2815	Gm
25s_rRNA	2826	25s_rRNA_2826	Y
25s_rRNA	2843	25s_rRNA_2843	m3U
25s_rRNA	2865	25s_rRNA_2865	Y
25s_rRNA	2870	25s_rRNA_2870	m5C
25s_rRNA	2880	25s_rRNA_2880	Y
25s_rRNA	2921	25s_rRNA_2921	Um
25s_rRNA	2922	25s_rRNA_2922	Gm
25s_rRNA	2923	25s_rRNA_2923	Y
25s_rRNA	2944	25s_rRNA_2944	Y
25s_rRNA	2946	25s_rRNA_2946	Am
25s_rRNA	2948	25s_rRNA_2948	Cm
25s_rRNA	2959	25s_rRNA_2959	Cm
25s_rRNA	2975	25s_rRNA_2975	Y
5.8s_rRNA	73	5.8s_rRNA_73	Y
5s_rRNA	50	5s_rRNA_50	Y
Ala-AGC-1_tRNA	58	Ala-AGC-1_tRNA_58	I
Ala-AGC-1_tRNA	33	Ala-AGC-1_tRNA_33	m1G
Ala-AGC-1_tRNA	61	Ala-AGC-1_tRNA_61	m1I
Ala-AGC-1_tRNA	50	Ala-AGC-1_tRNA_50	m22G
Ala-AGC-1_tRNA	78	Ala-AGC-1_tRNA_78	m5U
Ala-AGC-1_tRNA	62	Ala-AGC-1_tRNA_62	Y
Ala-AGC-1_tRNA	79	Ala-AGC-1_tRNA_79	Y
Ala-TGC-1_tRNA	50	Ala-TGC-1_tRNA_50	m22G
Ala-TGC-1_tRNA	78	Ala-TGC-1_tRNA_78	m5U
Arg-ACG-1_tRNA	58	Arg-ACG-1_tRNA_58	I
Arg-ACG-1_tRNA	82	Arg-ACG-1_tRNA_82	m1A
Arg-ACG-1_tRNA	33	Arg-ACG-1_tRNA_33	m1G
Arg-ACG-1_tRNA	50	Arg-ACG-1_tRNA_50	m22G
Arg-ACG-1_tRNA	34	Arg-ACG-1_tRNA_34	m2G
Arg-ACG-1_tRNA	73	Arg-ACG-1_tRNA_73	m5C
Arg-ACG-1_tRNA	78	Arg-ACG-1_tRNA_78	m5U
Arg-ACG-1_tRNA	25	Arg-ACG-1_tRNA_25	Y
Arg-ACG-1_tRNA	51	Arg-ACG-1_tRNA_51	Y
Arg-ACG-1_tRNA	79	Arg-ACG-1_tRNA_79	Y
Arg-CCG-1_tRNA	61	Arg-CCG-1_tRNA_61	m1G
Arg-CCT-1_tRNA	81	Arg-CCT-1_tRNA_81	m1A
Arg-CCT-1_tRNA	55	Arg-CCT-1_tRNA_55	m3C
Arg-TCT-1_tRNA	81	Arg-TCT-1_tRNA_81	m1A
Arg-TCT-1_tRNA	33	Arg-TCT-1_tRNA_33	m1G
Arg-TCT-1_tRNA	49	Arg-TCT-1_tRNA_49	m22G
Arg-TCT-1_tRNA	34	Arg-TCT-1_tRNA_34	m2G
Arg-TCT-1_tRNA	77	Arg-TCT-1_tRNA_77	m5U
Arg-TCT-1_tRNA	57	Arg-TCT-1_tRNA_57	mcm5U
Arg-TCT-1_tRNA	60	Arg-TCT-1_tRNA_60	t6A
Arg-TCT-1_tRNA	50	Arg-TCT-1_tRNA_50	Y
Arg-TCT-1_tRNA	62	Arg-TCT-1_tRNA_62	Y
Arg-TCT-1_tRNA	78	Arg-TCT-1_tRNA_78	Y
Asn-GTT-1_tRNA	83	Asn-GTT-1_tRNA_83	m1A
Asn-GTT-1_tRNA	51	Asn-GTT-1_tRNA_51	m22G
Asn-GTT-1_tRNA	34	Asn-GTT-1_tRNA_34	m2G
Asn-GTT-1_tRNA	73	Asn-GTT-1_tRNA_73	m5C
Asn-GTT-1_tRNA	79	Asn-GTT-1_tRNA_79	m5U
Asn-GTT-1_tRNA	62	Asn-GTT-1_tRNA_62	t6A
Asn-GTT-1_tRNA	64	Asn-GTT-1_tRNA_64	Y
Asn-GTT-1_tRNA	80	Asn-GTT-1_tRNA_80	Y
Asp-GTC-1_tRNA	61	Asp-GTC-1_tRNA_61	m1G
Asp-GTC-1_tRNA	72	Asp-GTC-1_tRNA_72	m5C
Asp-GTC-1_tRNA	77	Asp-GTC-1_tRNA_77	m5U
Asp-GTC-1_tRNA	37	Asp-GTC-1_tRNA_37	Y
Asp-GTC-1_tRNA	56	Asp-GTC-1_tRNA_56	Y
Asp-GTC-1_tRNA	78	Asp-GTC-1_tRNA_78	Y
Cys-GCA-1_tRNA	60	Cys-GCA-1_tRNA_60	i6A
Cys-GCA-1_tRNA	81	Cys-GCA-1_tRNA_81	m1A
Cys-GCA-1_tRNA	71	Cys-GCA-1_tRNA_71	m5C
Cys-GCA-1_tRNA	77	Cys-GCA-1_tRNA_77	m5U
Cys-GCA-1_tRNA	69	Cys-GCA-1_tRNA_69	m7G
Cys-GCA-1_tRNA	55	Cys-GCA-1_tRNA_55	Y
Cys-GCA-1_tRNA	62	Cys-GCA-1_tRNA_62	Y
Cys-GCA-1_tRNA	78	Cys-GCA-1_tRNA_78	Y
Gln-TTG-2_tRNA	81	Gln-TTG-2_tRNA_81	m1A
Glu-TTC-1_tRNA	72	Glu-TTC-1_tRNA_72	m5C
Glu-TTC-1_tRNA	77	Glu-TTC-1_tRNA_77	m5U
Glu-TTC-1_tRNA	58	Glu-TTC-1_tRNA_58	mcm5s2U
Glu-TTC-1_tRNA	37	Glu-TTC-1_tRNA_37	Y
Glu-TTC-1_tRNA	51	Glu-TTC-1_tRNA_51	Y
Glu-TTC-1_tRNA	78	Glu-TTC-1_tRNA_78	Y
Gly-GCC-1_tRNA	28	Gly-GCC-1_tRNA_28	Cm
Gly-GCC-1_tRNA	33	Gly-GCC-1_tRNA_33	m1G
Gly-GCC-1_tRNA	70	Gly-GCC-1_tRNA_70	m5C
Gly-GCC-1_tRNA	76	Gly-GCC-1_tRNA_76	m5U
Gly-GCC-1_tRNA	37	Gly-GCC-1_tRNA_37	Y
Gly-GCC-1_tRNA	55	Gly-GCC-1_tRNA_55	Y
Gly-GCC-1_tRNA	61	Gly-GCC-1_tRNA_61	Y
Gly-GCC-1_tRNA	77	Gly-GCC-1_tRNA_77	Y
Gly-TCC-1_tRNA	77	Gly-TCC-1_tRNA_77	m5U
Gly-TCC-1_tRNA	58	Gly-TCC-1_tRNA_58	xU
Gly-TCC-1_tRNA	37	Gly-TCC-1_tRNA_37	Y
Gly-TCC-1_tRNA	78	Gly-TCC-1_tRNA_78	Y
His-GTG-1_tRNA	28	His-GTG-1_tRNA_28	Am
His-GTG-1_tRNA	41	His-GTG-1_tRNA_41	Gm
His-GTG-1_tRNA	61	His-GTG-1_tRNA_61	m1G
His-GTG-1_tRNA	72	His-GTG-1_tRNA_72	m5C
His-GTG-1_tRNA	77	His-GTG-1_tRNA_77	m5U
His-GTG-1_tRNA	37	His-GTG-1_tRNA_37	Y
His-GTG-1_tRNA	56	His-GTG-1_tRNA_56	Y
His-GTG-1_tRNA	78	His-GTG-1_tRNA_78	Y
Ile-AAT-1_tRNA	59	Ile-AAT-1_tRNA_59	I
Ile-AAT-1_tRNA	83	Ile-AAT-1_tRNA_83	m1A
Ile-AAT-1_tRNA	33	Ile-AAT-1_tRNA_33	m1G
Ile-AAT-1_tRNA	34	Ile-AAT-1_tRNA_34	m2G
Ile-AAT-1_tRNA	73	Ile-AAT-1_tRNA_73	m5C
Ile-AAT-1_tRNA	79	Ile-AAT-1_tRNA_79	m5U
Ile-AAT-1_tRNA	62	Ile-AAT-1_tRNA_62	t6A
Ile-AAT-1_tRNA	80	Ile-AAT-1_tRNA_80	Y
Ile-TAT-1_tRNA	82	Ile-TAT-1_tRNA_82	m1A
Ile-TAT-1_tRNA	34	Ile-TAT-1_tRNA_34	m2G
Ile-TAT-1_tRNA	72	Ile-TAT-1_tRNA_72	m5C
Ile-TAT-1_tRNA	78	Ile-TAT-1_tRNA_78	m5U
Ile-TAT-1_tRNA	70	Ile-TAT-1_tRNA_70	m7G
Ile-TAT-1_tRNA	61	Ile-TAT-1_tRNA_61	t6A
Ile-TAT-1_tRNA	51	Ile-TAT-1_tRNA_51	Y
Ile-TAT-1_tRNA	58	Ile-TAT-1_tRNA_58	Y
Ile-TAT-1_tRNA	60	Ile-TAT-1_tRNA_60	Y
Ile-TAT-1_tRNA	79	Ile-TAT-1_tRNA_79	Y
Ile-TAT-1_tRNA	91	Ile-TAT-1_tRNA_91	Y
iMet-CAT-1_tRNA	81	iMet-CAT-1_tRNA_81	m1A
iMet-CAT-1_tRNA	33	iMet-CAT-1_tRNA_33	m1G
iMet-CAT-1_tRNA	49	iMet-CAT-1_tRNA_49	m22G
iMet-CAT-1_tRNA	34	iMet-CAT-1_tRNA_34	m2G
iMet-CAT-1_tRNA	71	iMet-CAT-1_tRNA_71	m5C
iMet-CAT-1_tRNA	72	iMet-CAT-1_tRNA_72	m5C
iMet-CAT-1_tRNA	69	iMet-CAT-1_tRNA_69	m7G
iMet-CAT-1_tRNA	60	iMet-CAT-1_tRNA_60	t6A
Leu-CAA-1_tRNA	36	Leu-CAA-1_tRNA_36	ac4C
Leu-CAA-1_tRNA	41	Leu-CAA-1_tRNA_41	Gm
Leu-CAA-1_tRNA	62	Leu-CAA-1_tRNA_62	m1G
Leu-CAA-1_tRNA	51	Leu-CAA-1_tRNA_51	m22G
Leu-CAA-1_tRNA	34	Leu-CAA-1_tRNA_34	m2G
Leu-CAA-1_tRNA	59	Leu-CAA-1_tRNA_59	m5C
Leu-CAA-1_tRNA	81	Leu-CAA-1_tRNA_81	m5C
Leu-CAA-1_tRNA	87	Leu-CAA-1_tRNA_87	m5U
Leu-CAA-1_tRNA	57	Leu-CAA-1_tRNA_57	Y
Leu-CAA-1_tRNA	64	Leu-CAA-1_tRNA_64	Y
Leu-CAA-1_tRNA	88	Leu-CAA-1_tRNA_88	Y
Leu-TAA-1_tRNA	36	Leu-TAA-1_tRNA_36	ac4C
Leu-TAA-1_tRNA	57	Leu-TAA-1_tRNA_57	Cm
Leu-TAA-1_tRNA	41	Leu-TAA-1_tRNA_41	Gm
Leu-TAA-1_tRNA	93	Leu-TAA-1_tRNA_93	m1A
Leu-TAA-1_tRNA	62	Leu-TAA-1_tRNA_62	m1G
Leu-TAA-1_tRNA	51	Leu-TAA-1_tRNA_51	m22G
Leu-TAA-1_tRNA	34	Leu-TAA-1_tRNA_34	m2G
Leu-TAA-1_tRNA	83	Leu-TAA-1_tRNA_83	m5C
Leu-TAA-1_tRNA	89	Leu-TAA-1_tRNA_89	m5U
Leu-TAA-1_tRNA	59	Leu-TAA-1_tRNA_59	xU
Leu-TAA-1_tRNA	64	Leu-TAA-1_tRNA_64	Y
Leu-TAA-1_tRNA	90	Leu-TAA-1_tRNA_90	Y
Leu-TAG-1_tRNA	36	Leu-TAG-1_tRNA_36	ac4C
Leu-TAG-1_tRNA	41	Leu-TAG-1_tRNA_41	Gm
Leu-TAG-1_tRNA	91	Leu-TAG-1_tRNA_91	m1A
Leu-TAG-1_tRNA	62	Leu-TAG-1_tRNA_62	m1G
Leu-TAG-1_tRNA	51	Leu-TAG-1_tRNA_51	m22G
Leu-TAG-1_tRNA	34	Leu-TAG-1_tRNA_34	m2G
Leu-TAG-1_tRNA	81	Leu-TAG-1_tRNA_81	m5C
Leu-TAG-1_tRNA	87	Leu-TAG-1_tRNA_87	m5U
Leu-TAG-1_tRNA	52	Leu-TAG-1_tRNA_52	Y
Leu-TAG-1_tRNA	57	Leu-TAG-1_tRNA_57	Y
Leu-TAG-1_tRNA	64	Leu-TAG-1_tRNA_64	Y
Leu-TAG-1_tRNA	88	Leu-TAG-1_tRNA_88	Y
Lys-CTT-1_tRNA	82	Lys-CTT-1_tRNA_82	m1A
Lys-CTT-1_tRNA	33	Lys-CTT-1_tRNA_33	m1G
Lys-CTT-1_tRNA	50	Lys-CTT-1_tRNA_50	m22G
Lys-CTT-1_tRNA	34	Lys-CTT-1_tRNA_34	m2G
Lys-CTT-1_tRNA	78	Lys-CTT-1_tRNA_78	m5U
Lys-CTT-1_tRNA	70	Lys-CTT-1_tRNA_70	m7G
Lys-CTT-1_tRNA	61	Lys-CTT-1_tRNA_61	t6A
Lys-CTT-1_tRNA	51	Lys-CTT-1_tRNA_51	Y
Lys-CTT-1_tRNA	63	Lys-CTT-1_tRNA_63	Y
Lys-CTT-1_tRNA	79	Lys-CTT-1_tRNA_79	Y
Lys-TTT-1_tRNA	82	Lys-TTT-1_tRNA_82	m1A
Lys-TTT-1_tRNA	50	Lys-TTT-1_tRNA_50	m22G
Met-CAT-1_tRNA	82	Met-CAT-1_tRNA_82	m1A
Met-CAT-1_tRNA	50	Met-CAT-1_tRNA_50	m22G
Met-CAT-1_tRNA	34	Met-CAT-1_tRNA_34	m2G
Met-CAT-1_tRNA	72	Met-CAT-1_tRNA_72	m5C
Met-CAT-1_tRNA	78	Met-CAT-1_tRNA_78	m5U
Met-CAT-1_tRNA	70	Met-CAT-1_tRNA_70	m7G
Met-CAT-1_tRNA	61	Met-CAT-1_tRNA_61	t6A
Met-CAT-1_tRNA	51	Met-CAT-1_tRNA_51	Y
Met-CAT-1_tRNA	55	Met-CAT-1_tRNA_55	Y
Met-CAT-1_tRNA	63	Met-CAT-1_tRNA_63	Y
Met-CAT-1_tRNA	79	Met-CAT-1_tRNA_79	Y
Pro-TGG-1_tRNA	28	Pro-TGG-1_tRNA_28	Cm
Pro-TGG-1_tRNA	81	Pro-TGG-1_tRNA_81	m1A
Pro-TGG-1_tRNA	33	Pro-TGG-1_tRNA_33	m1G
Pro-TGG-1_tRNA	60	Pro-TGG-1_tRNA_60	m1G
Pro-TGG-1_tRNA	77	Pro-TGG-1_tRNA_77	m5U
Pro-TGG-1_tRNA	69	Pro-TGG-1_tRNA_69	m7G
Pro-TGG-1_tRNA	57	Pro-TGG-1_tRNA_57	xU
Pro-TGG-1_tRNA	37	Pro-TGG-1_tRNA_37	Y
Pro-TGG-1_tRNA	55	Pro-TGG-1_tRNA_55	Y
Pro-TGG-1_tRNA	61	Pro-TGG-1_tRNA_61	Y
Pro-TGG-1_tRNA	78	Pro-TGG-1_tRNA_78	Y
Ser-AGA-1_tRNA	36	Ser-AGA-1_tRNA_36	ac4C
Ser-AGA-1_tRNA	41	Ser-AGA-1_tRNA_41	Gm
Ser-AGA-1_tRNA	58	Ser-AGA-1_tRNA_58	I
Ser-AGA-1_tRNA	61	Ser-AGA-1_tRNA_61	i6A
Ser-AGA-1_tRNA	50	Ser-AGA-1_tRNA_50	m22G
Ser-AGA-1_tRNA	81	Ser-AGA-1_tRNA_81	m5C
Ser-AGA-1_tRNA	87	Ser-AGA-1_tRNA_87	m5U
Ser-AGA-1_tRNA	68	Ser-AGA-1_tRNA_68	Um
Ser-AGA-1_tRNA	56	Ser-AGA-1_tRNA_56	Y
Ser-AGA-1_tRNA	63	Ser-AGA-1_tRNA_63	Y
Ser-AGA-1_tRNA	88	Ser-AGA-1_tRNA_88	Y
Ser-GCT-1_tRNA	36	Ser-GCT-1_tRNA_36	ac4C
Ser-GCT-1_tRNA	41	Ser-GCT-1_tRNA_41	Gm
Ser-GCT-1_tRNA	91	Ser-GCT-1_tRNA_91	m1A
Ser-GCT-1_tRNA	50	Ser-GCT-1_tRNA_50	m22G
Ser-GCT-1_tRNA	81	Ser-GCT-1_tRNA_81	m5C
Ser-GCT-1_tRNA	87	Ser-GCT-1_tRNA_87	m5U
Ser-GCT-1_tRNA	61	Ser-GCT-1_tRNA_61	t6A
Ser-GCT-1_tRNA	68	Ser-GCT-1_tRNA_68	Um
Ser-GCT-1_tRNA	88	Ser-GCT-1_tRNA_88	Y
Ser-TGA-1_tRNA	36	Ser-TGA-1_tRNA_36	ac4C
Ser-TGA-1_tRNA	41	Ser-TGA-1_tRNA_41	Gm
Ser-TGA-1_tRNA	61	Ser-TGA-1_tRNA_61	i6A
Ser-TGA-1_tRNA	50	Ser-TGA-1_tRNA_50	m22G
Ser-TGA-1_tRNA	56	Ser-TGA-1_tRNA_56	m3C
Ser-TGA-1_tRNA	81	Ser-TGA-1_tRNA_81	m5C
Ser-TGA-1_tRNA	87	Ser-TGA-1_tRNA_87	m5U
Ser-TGA-1_tRNA	58	Ser-TGA-1_tRNA_58	ncm5U
Ser-TGA-1_tRNA	68	Ser-TGA-1_tRNA_68	Um
Ser-TGA-1_tRNA	63	Ser-TGA-1_tRNA_63	Y
Ser-TGA-1_tRNA	88	Ser-TGA-1_tRNA_88	Y
Thr-AGT-1_tRNA	58	Thr-AGT-1_tRNA_58	I
Thr-AGT-1_tRNA	82	Thr-AGT-1_tRNA_82	m1A
Thr-AGT-1_tRNA	50	Thr-AGT-1_tRNA_50	m22G
Thr-AGT-1_tRNA	34	Thr-AGT-1_tRNA_34	m2G
Thr-AGT-1_tRNA	56	Thr-AGT-1_tRNA_56	m3C
Thr-AGT-1_tRNA	72	Thr-AGT-1_tRNA_72	m5C
Thr-AGT-1_tRNA	78	Thr-AGT-1_tRNA_78	m5U
Thr-AGT-1_tRNA	61	Thr-AGT-1_tRNA_61	t6A
Thr-AGT-1_tRNA	63	Thr-AGT-1_tRNA_63	Y
Thr-AGT-1_tRNA	79	Thr-AGT-1_tRNA_79	Y
Thr-CGT-1_tRNA	54	Thr-CGT-1_tRNA_54	m1A
Thr-CGT-1_tRNA	81	Thr-CGT-1_tRNA_81	m1A
Trp-CCA-1_tRNA	55	Trp-CCA-1_tRNA_55	Cm
Trp-CCA-1_tRNA	57	Trp-CCA-1_tRNA_57	Cm
Trp-CCA-1_tRNA	41	Trp-CCA-1_tRNA_41	Gm
Trp-CCA-1_tRNA	81	Trp-CCA-1_tRNA_81	m1A
Trp-CCA-1_tRNA	33	Trp-CCA-1_tRNA_33	m1G
Trp-CCA-1_tRNA	34	Trp-CCA-1_tRNA_34	m2G
Trp-CCA-1_tRNA	77	Trp-CCA-1_tRNA_77	m5U
Trp-CCA-1_tRNA	69	Trp-CCA-1_tRNA_69	m7G
Trp-CCA-1_tRNA	49	Trp-CCA-1_tRNA_49	Y
Trp-CCA-1_tRNA	50	Trp-CCA-1_tRNA_50	Y
Trp-CCA-1_tRNA	51	Trp-CCA-1_tRNA_51	Y
Trp-CCA-1_tRNA	62	Trp-CCA-1_tRNA_62	Y
Trp-CCA-1_tRNA	78	Trp-CCA-1_tRNA_78	Y
Trp-CCA-1_tRNA	88	Trp-CCA-1_tRNA_88	Y
Tyr-GTA-1_tRNA	42	Tyr-GTA-1_tRNA_42	Gm
Tyr-GTA-1_tRNA	63	Tyr-GTA-1_tRNA_63	i6A
Tyr-GTA-1_tRNA	84	Tyr-GTA-1_tRNA_84	m1A
Tyr-GTA-1_tRNA	52	Tyr-GTA-1_tRNA_52	m22G
Tyr-GTA-1_tRNA	34	Tyr-GTA-1_tRNA_34	m2G
Tyr-GTA-1_tRNA	74	Tyr-GTA-1_tRNA_74	m5C
Tyr-GTA-1_tRNA	80	Tyr-GTA-1_tRNA_80	m5U
Tyr-GTA-1_tRNA	61	Tyr-GTA-1_tRNA_61	Y
Tyr-GTA-1_tRNA	65	Tyr-GTA-1_tRNA_65	Y
Tyr-GTA-1_tRNA	81	Tyr-GTA-1_tRNA_81	Y
Val-AAC-1_tRNA	59	Val-AAC-1_tRNA_59	I
Val-AAC-1_tRNA	83	Val-AAC-1_tRNA_83	m1A
Val-AAC-1_tRNA	33	Val-AAC-1_tRNA_33	m1G
Val-AAC-1_tRNA	74	Val-AAC-1_tRNA_74	m5C
Val-AAC-1_tRNA	79	Val-AAC-1_tRNA_79	m5U
Val-AAC-1_tRNA	71	Val-AAC-1_tRNA_71	m7G
Val-AAC-1_tRNA	37	Val-AAC-1_tRNA_37	Y
Val-AAC-1_tRNA	52	Val-AAC-1_tRNA_52	Y
Val-AAC-1_tRNA	57	Val-AAC-1_tRNA_57	Y
Val-AAC-1_tRNA	80	Val-AAC-1_tRNA_80	Y
Val-CAC-1_tRNA	82	Val-CAC-1_tRNA_82	m1A
Val-CAC-1_tRNA	34	Val-CAC-1_tRNA_34	m2G
Val-CAC-1_tRNA	50	Val-CAC-1_tRNA_50	m2G
Val-CAC-1_tRNA	73	Val-CAC-1_tRNA_73	m5C
Val-CAC-1_tRNA	78	Val-CAC-1_tRNA_78	m5U
Val-CAC-1_tRNA	70	Val-CAC-1_tRNA_70	m7G
Val-CAC-1_tRNA	37	Val-CAC-1_tRNA_37	Y
Val-CAC-1_tRNA	51	Val-CAC-1_tRNA_51	Y
Val-CAC-1_tRNA	52	Val-CAC-1_tRNA_52	Y
Val-CAC-1_tRNA	56	Val-CAC-1_tRNA_56	Y
Val-CAC-1_tRNA	79	Val-CAC-1_tRNA_79	Y
Val-TAC-1_tRNA	83	Val-TAC-1_tRNA_83	m1A
Val-TAC-1_tRNA	51	Val-TAC-1_tRNA_51	m22G
Val-TAC-1_tRNA	34	Val-TAC-1_tRNA_34	m2G
Val-TAC-1_tRNA	74	Val-TAC-1_tRNA_74	m5C
Val-TAC-1_tRNA	79	Val-TAC-1_tRNA_79	m5U
Val-TAC-1_tRNA	59	Val-TAC-1_tRNA_59	ncm5U
Val-TAC-1_tRNA	52	Val-TAC-1_tRNA_52	Y
Val-TAC-1_tRNA	57	Val-TAC-1_tRNA_57	Y
Val-TAC-1_tRNA	80	Val-TAC-1_tRNA_80	Y